Dataset,Model,Period,AUC,Time,Hyper
Backblaze,lr,1,0.9526334924818451,91.67993011800002,"{'C': 17.401104894664048, 'penalty': 'l1', 'solver': 'liblinear'}"
Backblaze,lr,2,0.9328324160851785,183.48516322700004,"{'C': 0.0002101447507111302, 'penalty': 'none', 'solver': 'lbfgs'}"
Backblaze,lr,3,0.9285228886880165,385.87034249199996,"{'C': 1.366030332978985e-05, 'penalty': 'l2', 'solver': 'lbfgs'}"
Backblaze,lr,4,0.9115555598893659,225.25365351200003,"{'C': 1.4565451558624148e-05, 'penalty': 'l2', 'solver': 'sag'}"
Backblaze,lr,5,0.9232479621540461,80.21245645499994,"{'C': 0.3718564871425945, 'penalty': 'none', 'solver': 'newton-cg'}"
Backblaze,lr,6,0.9338662594679978,127.9918005909999,"{'C': 4.9940205544417795, 'penalty': 'l2', 'solver': 'newton-cg'}"
Backblaze,lr,7,0.9469998767644825,272.53195269899993,"{'C': 2.5735130809414207e-05, 'penalty': 'l2', 'solver': 'newton-cg'}"
Backblaze,lr,8,0.9259915865384615,131.66394842600016,"{'C': 3.918783613195467e-05, 'penalty': 'l2', 'solver': 'lbfgs'}"
Backblaze,lr,9,0.9408906663511928,144.2288262090001,"{'C': 1.3316348178609724e-05, 'penalty': 'l2', 'solver': 'lbfgs'}"
Backblaze,lr,10,0.8883940812588729,103.29298602800009,"{'C': 0.004634150421618032, 'penalty': 'l1', 'solver': 'liblinear'}"
Backblaze,lr,11,0.9148733265164024,144.36942830500038,"{'C': 10.41429789785187, 'penalty': 'none', 'solver': 'lbfgs'}"
Backblaze,lr,12,0.9235681661770486,92.64467964599999,"{'C': 6.146277658006622e-05, 'penalty': 'none', 'solver': 'lbfgs'}"
Backblaze,lr,13,0.9646828842111745,72.88250196099989,"{'C': 0.3831459088159273, 'penalty': 'l1', 'solver': 'liblinear'}"
Backblaze,lr,14,0.9327633484147249,219.59769770799994,"{'C': 0.07468162731444125, 'penalty': 'l1', 'solver': 'liblinear'}"
Backblaze,lr,15,0.9251294378698225,177.2267727620001,"{'C': 2.5408701177820204e-05, 'penalty': 'l2', 'solver': 'saga'}"
Backblaze,lr,16,0.9188163265306122,61.409328451999954,"{'C': 5.1782157670813675e-05, 'penalty': 'l2', 'solver': 'newton-cg'}"
Backblaze,lr,17,0.8964890459953252,225.88474042999997,"{'C': 4.161736516427255, 'penalty': 'l1', 'solver': 'liblinear'}"
Backblaze,lr,18,0.9224067118357373,197.36074612099992,"{'C': 0.0005051804654836945, 'penalty': 'l2', 'solver': 'lbfgs'}"
Backblaze,lr,19,0.8778393351800553,243.64704780900001,"{'C': 0.00014148123227916573, 'penalty': 'none', 'solver': 'newton-cg'}"
Backblaze,lr,20,0.9292114126837435,115.20131100900016,"{'C': 1.5487646654266785, 'penalty': 'none', 'solver': 'lbfgs'}"
Backblaze,lr,21,0.8704055699351505,276.53390555099986,"{'C': 0.014926263859863158, 'penalty': 'l1', 'solver': 'saga'}"
Backblaze,lr,22,0.9319207048889312,150.8706673429997,"{'C': 0.016362324533681874, 'penalty': 'l1', 'solver': 'liblinear'}"
Backblaze,lr,23,0.8816455367683633,303.01442472599956,"{'C': 4.041004247435687, 'penalty': 'l1', 'solver': 'liblinear'}"
Backblaze,lr,24,0.9350858233053083,329.73106304500016,"{'C': 58.168385095958875, 'penalty': 'l2', 'solver': 'sag'}"
Backblaze,lr,25,0.8983148142540447,254.6109924150005,"{'C': 1.873990187260311e-05, 'penalty': 'l2', 'solver': 'sag'}"
Backblaze,lr,26,0.8878972990972183,355.3422245499996,"{'C': 0.007562955643728671, 'penalty': 'l1', 'solver': 'liblinear'}"
Backblaze,lr,27,0.8708632019828362,202.5491102850001,"{'C': 0.03246823356698512, 'penalty': 'l1', 'solver': 'saga'}"
Backblaze,lr,28,0.8637839468277776,421.92495827899984,"{'C': 1.1299785104182927e-05, 'penalty': 'l2', 'solver': 'saga'}"
Backblaze,lr,29,0.8853711185214536,528.2055678410006,"{'C': 1.6992784643778685e-05, 'penalty': 'l2', 'solver': 'saga'}"
Backblaze,lr,30,0.888550067617027,285.2799118009998,"{'C': 1.1045146206967315e-05, 'penalty': 'l2', 'solver': 'saga'}"
Backblaze,lr,31,0.8823201729215229,940.1432448790001,"{'C': 3.3800392007457265e-05, 'penalty': 'l2', 'solver': 'newton-cg'}"
Backblaze,lr,32,0.871157571591495,872.5153002339994,"{'C': 0.07870244465020661, 'penalty': 'l1', 'solver': 'liblinear'}"
Backblaze,lr,33,0.8733754166666666,404.5268800149988,"{'C': 0.006473380513722314, 'penalty': 'l1', 'solver': 'liblinear'}"
Backblaze,lr,34,0.8971710746810282,712.5591890700016,"{'C': 0.0029099951668003577, 'penalty': 'l1', 'solver': 'liblinear'}"
Backblaze,lr,35,0.8863936755234014,1797.7757897640004,"{'C': 0.22392512503333167, 'penalty': 'none', 'solver': 'newton-cg'}"
Backblaze,lr,36,0.8911916906379347,315.69435223599976,"{'C': 0.0030619378065167447, 'penalty': 'l1', 'solver': 'liblinear'}"
Backblaze,cart,1,0.9494704803057377,3.8025337910003145,"{'splitter': 'best', 'min_samples_split': 2, 'min_samples_leaf': 4, 'max_features': 'sqrt', 'max_depth': None, 'criterion': 'gini', 'class_weight': None}"
Backblaze,cart,2,0.935966620884338,3.266536080998776,"{'splitter': 'best', 'min_samples_split': 4, 'min_samples_leaf': 4, 'max_features': 'log2', 'max_depth': 30, 'criterion': 'gini', 'class_weight': 'balanced'}"
Backblaze,cart,3,0.9440397404442149,3.42991635099861,"{'splitter': 'best', 'min_samples_split': 8, 'min_samples_leaf': 4, 'max_features': 'auto', 'max_depth': None, 'criterion': 'gini', 'class_weight': None}"
Backblaze,cart,4,0.938444991018729,1.9172643910005718,"{'splitter': 'best', 'min_samples_split': 2, 'min_samples_leaf': 4, 'max_features': 'log2', 'max_depth': 60, 'criterion': 'gini', 'class_weight': None}"
Backblaze,cart,5,0.9522535786789229,1.9519838689993776,"{'splitter': 'best', 'min_samples_split': 2, 'min_samples_leaf': 4, 'max_features': 'log2', 'max_depth': 110, 'criterion': 'gini', 'class_weight': None}"
Backblaze,cart,6,0.9332462379371711,2.3926823740002874,"{'splitter': 'best', 'min_samples_split': 2, 'min_samples_leaf': 4, 'max_features': 'log2', 'max_depth': 110, 'criterion': 'entropy', 'class_weight': 'balanced'}"
Backblaze,cart,7,0.9473901666861111,1.9694987290004065,"{'splitter': 'best', 'min_samples_split': 2, 'min_samples_leaf': 4, 'max_features': 'sqrt', 'max_depth': 110, 'criterion': 'entropy', 'class_weight': None}"
Backblaze,cart,8,0.9453448594674556,2.3983670369998435,"{'splitter': 'random', 'min_samples_split': 8, 'min_samples_leaf': 2, 'max_features': 'sqrt', 'max_depth': 70, 'criterion': 'gini', 'class_weight': 'balanced'}"
Backblaze,cart,9,0.9542112492770388,2.16689462100112,"{'splitter': 'best', 'min_samples_split': 2, 'min_samples_leaf': 2, 'max_features': 'log2', 'max_depth': 110, 'criterion': 'entropy', 'class_weight': None}"
Backblaze,cart,10,0.9403884875653508,1.5619167060012842,"{'splitter': 'best', 'min_samples_split': 8, 'min_samples_leaf': 2, 'max_features': 'log2', 'max_depth': 40, 'criterion': 'entropy', 'class_weight': 'balanced'}"
Backblaze,cart,11,0.9568980077005411,1.6793170199998713,"{'splitter': 'best', 'min_samples_split': 8, 'min_samples_leaf': 1, 'max_features': 'sqrt', 'max_depth': 10, 'criterion': 'gini', 'class_weight': None}"
Backblaze,cart,12,0.9095358105565585,1.7933758130002388,"{'splitter': 'best', 'min_samples_split': 8, 'min_samples_leaf': 4, 'max_features': 'sqrt', 'max_depth': None, 'criterion': 'gini', 'class_weight': 'balanced'}"
Backblaze,cart,13,0.953975097240171,1.5518317410005693,"{'splitter': 'best', 'min_samples_split': 8, 'min_samples_leaf': 4, 'max_features': 'sqrt', 'max_depth': 70, 'criterion': 'entropy', 'class_weight': None}"
Backblaze,cart,14,0.9394534417080211,1.7478762150003604,"{'splitter': 'best', 'min_samples_split': 2, 'min_samples_leaf': 4, 'max_features': 'sqrt', 'max_depth': 10, 'criterion': 'gini', 'class_weight': None}"
Backblaze,cart,15,0.9625277366863906,1.8193439279984887,"{'splitter': 'random', 'min_samples_split': 2, 'min_samples_leaf': 2, 'max_features': 'log2', 'max_depth': None, 'criterion': 'entropy', 'class_weight': 'balanced'}"
Backblaze,cart,16,0.9123163265306122,1.5977358860000095,"{'splitter': 'best', 'min_samples_split': 2, 'min_samples_leaf': 4, 'max_features': 'sqrt', 'max_depth': None, 'criterion': 'entropy', 'class_weight': None}"
Backblaze,cart,17,0.9071378410680974,2.273826390000977,"{'splitter': 'best', 'min_samples_split': 8, 'min_samples_leaf': 4, 'max_features': 'auto', 'max_depth': 50, 'criterion': 'entropy', 'class_weight': None}"
Backblaze,cart,18,0.9217995605178486,2.082633513999099,"{'splitter': 'random', 'min_samples_split': 8, 'min_samples_leaf': 2, 'max_features': 'auto', 'max_depth': 110, 'criterion': 'gini', 'class_weight': 'balanced'}"
Backblaze,cart,19,0.8629523026315791,2.4347490000000107,"{'splitter': 'random', 'min_samples_split': 8, 'min_samples_leaf': 2, 'max_features': 'auto', 'max_depth': 80, 'criterion': 'entropy', 'class_weight': None}"
Backblaze,cart,20,0.9273675204862335,2.045145877998948,"{'splitter': 'best', 'min_samples_split': 4, 'min_samples_leaf': 4, 'max_features': 'auto', 'max_depth': 30, 'criterion': 'gini', 'class_weight': None}"
Backblaze,cart,21,0.9014550154711072,2.549430855000537,"{'splitter': 'best', 'min_samples_split': 2, 'min_samples_leaf': 4, 'max_features': 'log2', 'max_depth': 90, 'criterion': 'gini', 'class_weight': None}"
Backblaze,cart,22,0.9246561562167763,2.4242807339996943,"{'splitter': 'random', 'min_samples_split': 4, 'min_samples_leaf': 2, 'max_features': 'log2', 'max_depth': 30, 'criterion': 'gini', 'class_weight': None}"
Backblaze,cart,23,0.9187598399815955,2.7006524839998747,"{'splitter': 'best', 'min_samples_split': 8, 'min_samples_leaf': 4, 'max_features': 'auto', 'max_depth': None, 'criterion': 'entropy', 'class_weight': None}"
Backblaze,cart,24,0.9013420075010221,2.6698110550005367,"{'splitter': 'best', 'min_samples_split': 4, 'min_samples_leaf': 2, 'max_features': 'log2', 'max_depth': 90, 'criterion': 'entropy', 'class_weight': 'balanced'}"
Backblaze,cart,25,0.92724016796809,1.940934723999817,"{'splitter': 'random', 'min_samples_split': 8, 'min_samples_leaf': 2, 'max_features': 'log2', 'max_depth': 30, 'criterion': 'gini', 'class_weight': None}"
Backblaze,cart,26,0.9189574668833894,3.3089995379996253,"{'splitter': 'best', 'min_samples_split': 4, 'min_samples_leaf': 2, 'max_features': 'auto', 'max_depth': 10, 'criterion': 'gini', 'class_weight': 'balanced'}"
Backblaze,cart,27,0.8514520982080241,3.6965040840004804,"{'splitter': 'best', 'min_samples_split': 2, 'min_samples_leaf': 4, 'max_features': 'sqrt', 'max_depth': 100, 'criterion': 'gini', 'class_weight': None}"
Backblaze,cart,28,0.8570922801120057,3.7211795820003317,"{'splitter': 'best', 'min_samples_split': 4, 'min_samples_leaf': 4, 'max_features': 'auto', 'max_depth': 10, 'criterion': 'gini', 'class_weight': None}"
Backblaze,cart,29,0.8798780545782072,5.409216457999719,"{'splitter': 'best', 'min_samples_split': 2, 'min_samples_leaf': 4, 'max_features': 'auto', 'max_depth': 80, 'criterion': 'entropy', 'class_weight': None}"
Backblaze,cart,30,0.8802802617213187,4.265608712999892,"{'splitter': 'best', 'min_samples_split': 2, 'min_samples_leaf': 4, 'max_features': 'sqrt', 'max_depth': 110, 'criterion': 'entropy', 'class_weight': None}"
Backblaze,cart,31,0.8714896314164776,5.646938272000625,"{'splitter': 'best', 'min_samples_split': 4, 'min_samples_leaf': 4, 'max_features': 'log2', 'max_depth': 110, 'criterion': 'gini', 'class_weight': 'balanced'}"
Backblaze,cart,32,0.8801654845412363,5.580911852999634,"{'splitter': 'best', 'min_samples_split': 2, 'min_samples_leaf': 4, 'max_features': 'sqrt', 'max_depth': 10, 'criterion': 'entropy', 'class_weight': 'balanced'}"
Backblaze,cart,33,0.8526318055555554,6.626628134999919,"{'splitter': 'best', 'min_samples_split': 2, 'min_samples_leaf': 4, 'max_features': 'auto', 'max_depth': 70, 'criterion': 'entropy', 'class_weight': None}"
Backblaze,cart,34,0.8828599557368713,9.963767178000126,"{'splitter': 'best', 'min_samples_split': 4, 'min_samples_leaf': 4, 'max_features': 'log2', 'max_depth': 10, 'criterion': 'gini', 'class_weight': 'balanced'}"
Backblaze,cart,35,0.8861505169846418,8.495905838999533,"{'splitter': 'best', 'min_samples_split': 4, 'min_samples_leaf': 4, 'max_features': 'log2', 'max_depth': 10, 'criterion': 'gini', 'class_weight': None}"
Backblaze,cart,36,0.930662145004053,5.528479430000516,"{'splitter': 'best', 'min_samples_split': 8, 'min_samples_leaf': 1, 'max_features': 'auto', 'max_depth': 10, 'criterion': 'gini', 'class_weight': None}"
Backblaze,rf,1,0.989101610818122,202.59770283699982,"{'bootstrap': False, 'class_weight': 'balanced', 'criterion': 'entropy', 'max_depth': 70, 'max_features': 'log2', 'min_samples_leaf': 4, 'min_samples_split': 4, 'n_estimators': 87}"
Backblaze,rf,2,0.9723263897945447,158.10354860699954,"{'bootstrap': True, 'class_weight': None, 'criterion': 'entropy', 'max_depth': 90, 'max_features': 'log2', 'min_samples_leaf': 4, 'min_samples_split': 8, 'n_estimators': 82}"
Backblaze,rf,3,0.9847724851497933,153.53276923199883,"{'bootstrap': False, 'class_weight': None, 'criterion': 'entropy', 'max_depth': 90, 'max_features': 'log2', 'min_samples_leaf': 2, 'min_samples_split': 8, 'n_estimators': 79}"
Backblaze,rf,4,0.9876786448042829,78.55149989900019,"{'bootstrap': True, 'class_weight': None, 'criterion': 'entropy', 'max_depth': 10, 'max_features': 'auto', 'min_samples_leaf': 2, 'min_samples_split': 8, 'n_estimators': 77}"
Backblaze,rf,5,0.9791578157777824,76.35071332799998,"{'bootstrap': False, 'class_weight': 'balanced', 'criterion': 'gini', 'max_depth': 30, 'max_features': 'sqrt', 'min_samples_leaf': 2, 'min_samples_split': 2, 'n_estimators': 18}"
Backblaze,rf,6,0.9785766261355451,104.77967269599867,"{'bootstrap': False, 'class_weight': 'balanced', 'criterion': 'gini', 'max_depth': None, 'max_features': 'log2', 'min_samples_leaf': 4, 'min_samples_split': 8, 'n_estimators': 30}"
Backblaze,rf,7,0.9836673988864857,76.0149281440008,"{'bootstrap': True, 'class_weight': None, 'criterion': 'entropy', 'max_depth': 90, 'max_features': 'log2', 'min_samples_leaf': 4, 'min_samples_split': 2, 'n_estimators': 23}"
Backblaze,rf,8,0.9738963110207102,101.38324405599997,"{'bootstrap': False, 'class_weight': None, 'criterion': 'entropy', 'max_depth': 110, 'max_features': 'log2', 'min_samples_leaf': 4, 'min_samples_split': 2, 'n_estimators': 58}"
Backblaze,rf,9,0.9807424483411326,80.5972804940011,"{'bootstrap': True, 'class_weight': 'balanced', 'criterion': 'gini', 'max_depth': 70, 'max_features': 'auto', 'min_samples_leaf': 4, 'min_samples_split': 8, 'n_estimators': 58}"
Backblaze,rf,10,0.9866387292602482,51.66401123600008,"{'bootstrap': False, 'class_weight': 'balanced', 'criterion': 'entropy', 'max_depth': 110, 'max_features': 'auto', 'min_samples_leaf': 2, 'min_samples_split': 8, 'n_estimators': 31}"
Backblaze,rf,11,0.974000162047295,57.49341071100025,"{'bootstrap': True, 'class_weight': None, 'criterion': 'entropy', 'max_depth': 50, 'max_features': 'log2', 'min_samples_leaf': 2, 'min_samples_split': 4, 'n_estimators': 74}"
Backblaze,rf,12,0.9594021498778459,59.906882614001006,"{'bootstrap': False, 'class_weight': 'balanced', 'criterion': 'entropy', 'max_depth': 10, 'max_features': 'sqrt', 'min_samples_leaf': 4, 'min_samples_split': 8, 'n_estimators': 23}"
Backblaze,rf,13,0.9900237802740316,47.61813097400045,"{'bootstrap': True, 'class_weight': 'balanced', 'criterion': 'gini', 'max_depth': 110, 'max_features': 'sqrt', 'min_samples_leaf': 4, 'min_samples_split': 2, 'n_estimators': 97}"
Backblaze,rf,14,0.98790676566651,59.28817780800091,"{'bootstrap': False, 'class_weight': 'balanced', 'criterion': 'entropy', 'max_depth': 30, 'max_features': 'sqrt', 'min_samples_leaf': 2, 'min_samples_split': 8, 'n_estimators': 79}"
Backblaze,rf,15,0.9822207840236686,53.10909871699914,"{'bootstrap': False, 'class_weight': None, 'criterion': 'entropy', 'max_depth': 30, 'max_features': 'auto', 'min_samples_leaf': 2, 'min_samples_split': 4, 'n_estimators': 19}"
Backblaze,rf,16,0.9562346938775511,41.860432236000634,"{'bootstrap': False, 'class_weight': None, 'criterion': 'entropy', 'max_depth': 50, 'max_features': 'sqrt', 'min_samples_leaf': 2, 'min_samples_split': 2, 'n_estimators': 43}"
Backblaze,rf,17,0.959007681520619,86.0639909700003,"{'bootstrap': False, 'class_weight': 'balanced', 'criterion': 'entropy', 'max_depth': 110, 'max_features': 'auto', 'min_samples_leaf': 1, 'min_samples_split': 4, 'n_estimators': 99}"
Backblaze,rf,18,0.9610590126840761,75.44402175700088,"{'bootstrap': False, 'class_weight': None, 'criterion': 'entropy', 'max_depth': 110, 'max_features': 'sqrt', 'min_samples_leaf': 2, 'min_samples_split': 8, 'n_estimators': 48}"
Backblaze,rf,19,0.9087560595567867,89.73017742600132,"{'bootstrap': True, 'class_weight': 'balanced', 'criterion': 'gini', 'max_depth': 70, 'max_features': 'auto', 'min_samples_leaf': 2, 'min_samples_split': 2, 'n_estimators': 12}"
Backblaze,rf,20,0.9616704267108496,71.12480319399947,"{'bootstrap': True, 'class_weight': None, 'criterion': 'gini', 'max_depth': 10, 'max_features': 'sqrt', 'min_samples_leaf': 4, 'min_samples_split': 4, 'n_estimators': 31}"
Backblaze,rf,21,0.9627008535209813,89.7457038449993,"{'bootstrap': True, 'class_weight': 'balanced', 'criterion': 'gini', 'max_depth': 70, 'max_features': 'auto', 'min_samples_leaf': 1, 'min_samples_split': 4, 'n_estimators': 80}"
Backblaze,rf,22,0.9624643371418574,92.07093153299866,"{'bootstrap': True, 'class_weight': None, 'criterion': 'entropy', 'max_depth': 30, 'max_features': 'log2', 'min_samples_leaf': 4, 'min_samples_split': 2, 'n_estimators': 74}"
Backblaze,rf,23,0.9644109527768047,94.02619192200109,"{'bootstrap': False, 'class_weight': 'balanced', 'criterion': 'gini', 'max_depth': 30, 'max_features': 'sqrt', 'min_samples_leaf': 1, 'min_samples_split': 8, 'n_estimators': 34}"
Backblaze,rf,24,0.9776119968953116,81.3925606770008,"{'bootstrap': True, 'class_weight': None, 'criterion': 'entropy', 'max_depth': None, 'max_features': 'sqrt', 'min_samples_leaf': 2, 'min_samples_split': 2, 'n_estimators': 55}"
Backblaze,rf,25,0.9725591135038089,62.073445006999464,"{'bootstrap': False, 'class_weight': None, 'criterion': 'entropy', 'max_depth': 110, 'max_features': 'sqrt', 'min_samples_leaf': 2, 'min_samples_split': 2, 'n_estimators': 93}"
Backblaze,rf,26,0.9622275250733585,137.11762151699986,"{'bootstrap': False, 'class_weight': 'balanced', 'criterion': 'gini', 'max_depth': 70, 'max_features': 'sqrt', 'min_samples_leaf': 2, 'min_samples_split': 2, 'n_estimators': 44}"
Backblaze,rf,27,0.9218264053014724,149.57736493500124,"{'bootstrap': False, 'class_weight': 'balanced', 'criterion': 'entropy', 'max_depth': 90, 'max_features': 'log2', 'min_samples_leaf': 4, 'min_samples_split': 8, 'n_estimators': 76}"
Backblaze,rf,28,0.9274876603209147,168.67225981699994,"{'bootstrap': False, 'class_weight': 'balanced', 'criterion': 'gini', 'max_depth': 90, 'max_features': 'log2', 'min_samples_leaf': 4, 'min_samples_split': 8, 'n_estimators': 83}"
Backblaze,rf,29,0.9608245401821449,256.97979730299994,"{'bootstrap': False, 'class_weight': 'balanced', 'criterion': 'gini', 'max_depth': 50, 'max_features': 'log2', 'min_samples_leaf': 4, 'min_samples_split': 4, 'n_estimators': 96}"
Backblaze,rf,30,0.9580630544286051,209.01408046299912,"{'bootstrap': True, 'class_weight': 'balanced', 'criterion': 'entropy', 'max_depth': 90, 'max_features': 'auto', 'min_samples_leaf': 2, 'min_samples_split': 2, 'n_estimators': 46}"
Backblaze,rf,31,0.9280140155150604,321.7110828090008,"{'bootstrap': True, 'class_weight': 'balanced', 'criterion': 'entropy', 'max_depth': 90, 'max_features': 'log2', 'min_samples_leaf': 2, 'min_samples_split': 4, 'n_estimators': 67}"
Backblaze,rf,32,0.9559622474964458,277.4675047609999,"{'bootstrap': False, 'class_weight': None, 'criterion': 'entropy', 'max_depth': 90, 'max_features': 'sqrt', 'min_samples_leaf': 1, 'min_samples_split': 8, 'n_estimators': 53}"
Backblaze,rf,33,0.9347541666666667,366.1493000289993,"{'bootstrap': False, 'class_weight': 'balanced', 'criterion': 'entropy', 'max_depth': 30, 'max_features': 'log2', 'min_samples_leaf': 2, 'min_samples_split': 8, 'n_estimators': 75}"
Backblaze,rf,34,0.9598169812083949,434.29044253400025,"{'bootstrap': False, 'class_weight': 'balanced', 'criterion': 'gini', 'max_depth': 110, 'max_features': 'auto', 'min_samples_leaf': 4, 'min_samples_split': 2, 'n_estimators': 71}"
Backblaze,rf,35,0.946197140571598,453.4031407049988,"{'bootstrap': False, 'class_weight': 'balanced', 'criterion': 'entropy', 'max_depth': 90, 'max_features': 'auto', 'min_samples_leaf': 4, 'min_samples_split': 4, 'n_estimators': 90}"
Backblaze,rf,36,0.980859713683828,298.97044826899946,"{'bootstrap': False, 'class_weight': 'balanced', 'criterion': 'entropy', 'max_depth': 30, 'max_features': 'log2', 'min_samples_leaf': 2, 'min_samples_split': 8, 'n_estimators': 87}"
Backblaze,gbdt,1,0.9799533341007353,140.36440460700032,"{'booster': 'dart', 'learning_rate': 0.17674247536616705, 'max_depth': 9, 'n_estimators': 30, 'subsample': 0.6287862049320806}"
Backblaze,gbdt,2,0.9636681986930186,114.4162043260003,"{'booster': 'gbtree', 'learning_rate': 0.7457890716704065, 'max_depth': 7, 'n_estimators': 28, 'subsample': 0.6935319162393004}"
Backblaze,gbdt,3,0.9818867833161158,131.04496338100216,"{'booster': 'gbtree', 'learning_rate': 0.14659721052871322, 'max_depth': 8, 'n_estimators': 57, 'subsample': 0.6626537310114085}"
Backblaze,gbdt,4,0.9816983195634641,60.43153268000242,"{'booster': 'dart', 'learning_rate': 0.24749981007236632, 'max_depth': 8, 'n_estimators': 21, 'subsample': 0.8588671148804027}"
Backblaze,gbdt,5,0.9786691173080678,51.562580025998614,"{'booster': 'gbtree', 'learning_rate': 0.581383157458696, 'max_depth': 8, 'n_estimators': 28, 'subsample': 0.7272463031636355}"
Backblaze,gbdt,6,0.9765289064279319,78.4319633879968,"{'booster': 'dart', 'learning_rate': 0.18258422395751917, 'max_depth': 7, 'n_estimators': 41, 'subsample': 0.5739594961386244}"
Backblaze,gbdt,7,0.9685828454333844,55.25857867100058,"{'booster': 'dart', 'learning_rate': 0.9518177918115315, 'max_depth': 7, 'n_estimators': 29, 'subsample': 0.6506506038710753}"
Backblaze,gbdt,8,0.9692527274408285,68.39898074099983,"{'booster': 'dart', 'learning_rate': 0.5783882416254241, 'max_depth': 7, 'n_estimators': 47, 'subsample': 0.5090092818870732}"
Backblaze,gbdt,9,0.9785648123806019,61.52699413099981,"{'booster': 'gbtree', 'learning_rate': 0.9580192967204744, 'max_depth': 8, 'n_estimators': 18, 'subsample': 0.53043219839541}"
Backblaze,gbdt,10,0.9827885231381805,30.048425136999867,"{'booster': 'gbtree', 'learning_rate': 0.9756142758675792, 'max_depth': 9, 'n_estimators': 63, 'subsample': 0.8300676476123473}"
Backblaze,gbdt,11,0.9673158237378106,32.763068372001726,"{'booster': 'dart', 'learning_rate': 0.5458896222269569, 'max_depth': 7, 'n_estimators': 31, 'subsample': 0.8179088730253992}"
Backblaze,gbdt,12,0.9509877736893854,41.64758385800087,"{'booster': 'dart', 'learning_rate': 0.8383485496287321, 'max_depth': 8, 'n_estimators': 92, 'subsample': 0.8908243870402562}"
Backblaze,gbdt,13,0.9818820221199912,30.338896454999485,"{'booster': 'gbtree', 'learning_rate': 0.13215016288905057, 'max_depth': 8, 'n_estimators': 61, 'subsample': 0.8306059297001154}"
Backblaze,gbdt,14,0.986013047136888,30.47999720000007,"{'booster': 'gbtree', 'learning_rate': 0.8872755373614875, 'max_depth': 7, 'n_estimators': 91, 'subsample': 0.9288311078105176}"
Backblaze,gbdt,15,0.9687962278106509,33.538265777999186,"{'booster': 'gbtree', 'learning_rate': 0.1116326374413885, 'max_depth': 9, 'n_estimators': 16, 'subsample': 0.8505833486802602}"
Backblaze,gbdt,16,0.9618367346938774,23.444786406002095,"{'booster': 'dart', 'learning_rate': 0.4936566911693768, 'max_depth': 6, 'n_estimators': 64, 'subsample': 0.6285317573008017}"
Backblaze,gbdt,17,0.9467654169131431,48.514418181999645,"{'booster': 'dart', 'learning_rate': 0.3172320664551149, 'max_depth': 9, 'n_estimators': 15, 'subsample': 0.9048409363528117}"
Backblaze,gbdt,18,0.9400161878732344,41.46481720600059,"{'booster': 'gbtree', 'learning_rate': 0.8648081419867076, 'max_depth': 8, 'n_estimators': 49, 'subsample': 0.9902694133734546}"
Backblaze,gbdt,19,0.9076869806094182,59.351220625998394,"{'booster': 'gbtree', 'learning_rate': 0.9229215541893696, 'max_depth': 4, 'n_estimators': 40, 'subsample': 0.5016471152908275}"
Backblaze,gbdt,20,0.9638857428567602,55.616490011998394,"{'booster': 'dart', 'learning_rate': 0.09637365555729858, 'max_depth': 7, 'n_estimators': 83, 'subsample': 0.7734169700215102}"
Backblaze,gbdt,21,0.9644115316955149,71.06414013600079,"{'booster': 'gbtree', 'learning_rate': 0.49892726624318984, 'max_depth': 3, 'n_estimators': 97, 'subsample': 0.7324028365594245}"
Backblaze,gbdt,22,0.9452796720485162,68.76349128699803,"{'booster': 'dart', 'learning_rate': 0.19622671469825737, 'max_depth': 4, 'n_estimators': 58, 'subsample': 0.7390487317292038}"
Backblaze,gbdt,23,0.9569025642223195,74.46607457700156,"{'booster': 'dart', 'learning_rate': 0.8367871058846367, 'max_depth': 3, 'n_estimators': 73, 'subsample': 0.9894802000069901}"
Backblaze,gbdt,24,0.9690046629576304,65.03804274800132,"{'booster': 'gbtree', 'learning_rate': 0.9197457082250056, 'max_depth': 7, 'n_estimators': 12, 'subsample': 0.9137898056191955}"
Backblaze,gbdt,25,0.9735193141379385,39.25582952200057,"{'booster': 'gbtree', 'learning_rate': 0.7171089955311525, 'max_depth': 4, 'n_estimators': 64, 'subsample': 0.5158092384802032}"
Backblaze,gbdt,26,0.9630487641271452,116.84380014799899,"{'booster': 'gbtree', 'learning_rate': 0.9155589036266022, 'max_depth': 5, 'n_estimators': 79, 'subsample': 0.8064165206832135}"
Backblaze,gbdt,27,0.9176601520967451,133.93178763800097,"{'booster': 'gbtree', 'learning_rate': 0.086606879054666, 'max_depth': 8, 'n_estimators': 56, 'subsample': 0.780026935278604}"
Backblaze,gbdt,28,0.9272922766780607,108.69026375700196,"{'booster': 'dart', 'learning_rate': 0.10262323167670094, 'max_depth': 8, 'n_estimators': 93, 'subsample': 0.9712978904652598}"
Backblaze,gbdt,29,0.952457364008014,192.48905137199836,"{'booster': 'dart', 'learning_rate': 0.15960788974883322, 'max_depth': 8, 'n_estimators': 66, 'subsample': 0.8747645869986408}"
Backblaze,gbdt,30,0.9428993359263532,157.11833041000136,"{'booster': 'dart', 'learning_rate': 0.06642378086602528, 'max_depth': 9, 'n_estimators': 72, 'subsample': 0.8492635017880998}"
Backblaze,gbdt,31,0.9225536942190649,212.64724059000218,"{'booster': 'dart', 'learning_rate': 0.898302654150671, 'max_depth': 5, 'n_estimators': 56, 'subsample': 0.9241905900882847}"
Backblaze,gbdt,32,0.946900826446281,238.21925530999943,"{'booster': 'dart', 'learning_rate': 0.14461263343475728, 'max_depth': 9, 'n_estimators': 61, 'subsample': 0.7647080745881527}"
Backblaze,gbdt,33,0.9209125,222.55328128100155,"{'booster': 'gbtree', 'learning_rate': 0.26749717015184404, 'max_depth': 9, 'n_estimators': 82, 'subsample': 0.9521991099634691}"
Backblaze,gbdt,34,0.9518790160410502,415.92382140100017,"{'booster': 'dart', 'learning_rate': 0.22798544775194174, 'max_depth': 8, 'n_estimators': 82, 'subsample': 0.738129693479134}"
Backblaze,gbdt,35,0.9366264207340932,399.0119718040005,"{'booster': 'dart', 'learning_rate': 0.34970677192967237, 'max_depth': 9, 'n_estimators': 86, 'subsample': 0.9889253909120537}"
Backblaze,gbdt,36,0.9721520328352571,250.07319646700125,"{'booster': 'gbtree', 'learning_rate': 0.426760670599993, 'max_depth': 8, 'n_estimators': 50, 'subsample': 0.8863188969674971}"
Backblaze,nn,1,0.9636884466081046,498.03809920500134,"{'activation': 'tanh', 'alpha': 0.002371159678953051, 'hidden_layer_sizes': (32,), 'learning_rate': 'adaptive', 'max_iter': 105, 'solver': 'adam'}"
Backblaze,nn,2,0.9671559038154686,448.67676474900145,"{'activation': 'tanh', 'alpha': 0.0007037495276342019, 'hidden_layer_sizes': (16,), 'learning_rate': 'constant', 'max_iter': 114, 'solver': 'adam'}"
Backblaze,nn,3,0.955419518336777,469.1450794609991,"{'activation': 'tanh', 'alpha': 0.00015008498852423456, 'hidden_layer_sizes': (8, 8), 'learning_rate': 'adaptive', 'max_iter': 99, 'solver': 'lbfgs'}"
Backblaze,nn,4,0.9327036737133164,272.99552309200226,"{'activation': 'tanh', 'alpha': 0.00030686176437229155, 'hidden_layer_sizes': (8,), 'learning_rate': 'adaptive', 'max_iter': 61, 'solver': 'sgd'}"
Backblaze,nn,5,0.9613083507412464,220.16486554900257,"{'activation': 'tanh', 'alpha': 0.000640579191681085, 'hidden_layer_sizes': (8, 8), 'learning_rate': 'invscaling', 'max_iter': 189, 'solver': 'adam'}"
Backblaze,nn,6,0.953065151222428,279.64877909999996,"{'activation': 'tanh', 'alpha': 0.00018313359806816575, 'hidden_layer_sizes': (16,), 'learning_rate': 'constant', 'max_iter': 183, 'solver': 'adam'}"
Backblaze,nn,7,0.9441083469586021,197.52100874100142,"{'activation': 'logistic', 'alpha': 0.005649542585921235, 'hidden_layer_sizes': (8,), 'learning_rate': 'invscaling', 'max_iter': 12, 'solver': 'lbfgs'}"
Backblaze,nn,8,0.9462070081360947,324.70300993600176,"{'activation': 'tanh', 'alpha': 0.0009664840232862581, 'hidden_layer_sizes': (8,), 'learning_rate': 'constant', 'max_iter': 197, 'solver': 'adam'}"
Backblaze,nn,9,0.9595193184008973,298.02181544999985,"{'activation': 'tanh', 'alpha': 0.0001894202376267245, 'hidden_layer_sizes': (16,), 'learning_rate': 'constant', 'max_iter': 68, 'solver': 'adam'}"
Backblaze,nn,10,0.9339410284640102,138.30980785800057,"{'activation': 'tanh', 'alpha': 0.00011960903880145105, 'hidden_layer_sizes': (32,), 'learning_rate': 'constant', 'max_iter': 192, 'solver': 'adam'}"
Backblaze,nn,11,0.9391290462312407,181.95241342200097,"{'activation': 'relu', 'alpha': 0.0009240692897341657, 'hidden_layer_sizes': (16,), 'learning_rate': 'adaptive', 'max_iter': 140, 'solver': 'lbfgs'}"
Backblaze,nn,12,0.9274278257173356,188.8908759199985,"{'activation': 'tanh', 'alpha': 0.007290136759941646, 'hidden_layer_sizes': (16, 16), 'learning_rate': 'adaptive', 'max_iter': 174, 'solver': 'adam'}"
Backblaze,nn,13,0.9608442151967528,142.3578923519999,"{'activation': 'tanh', 'alpha': 0.0017475279856597446, 'hidden_layer_sizes': (32,), 'learning_rate': 'adaptive', 'max_iter': 86, 'solver': 'adam'}"
Backblaze,nn,14,0.9300634179140588,167.77259288200003,"{'activation': 'tanh', 'alpha': 0.00040519121406838086, 'hidden_layer_sizes': (32,), 'learning_rate': 'invscaling', 'max_iter': 89, 'solver': 'lbfgs'}"
Backblaze,nn,15,0.9526072485207101,146.03668482699868,"{'activation': 'tanh', 'alpha': 0.0008289995362020462, 'hidden_layer_sizes': (32,), 'learning_rate': 'adaptive', 'max_iter': 140, 'solver': 'lbfgs'}"
Backblaze,nn,16,0.9454489795918368,131.47422202400048,"{'activation': 'tanh', 'alpha': 0.0024536823799559417, 'hidden_layer_sizes': (8,), 'learning_rate': 'invscaling', 'max_iter': 56, 'solver': 'lbfgs'}"
Backblaze,nn,17,0.9244128342943523,186.63221949599756,"{'activation': 'logistic', 'alpha': 0.00012233453895935646, 'hidden_layer_sizes': (8, 8), 'learning_rate': 'constant', 'max_iter': 103, 'solver': 'lbfgs'}"
Backblaze,nn,18,0.9349741564578774,192.56196421999994,"{'activation': 'tanh', 'alpha': 0.004319477023028895, 'hidden_layer_sizes': (8, 8), 'learning_rate': 'invscaling', 'max_iter': 72, 'solver': 'adam'}"
Backblaze,nn,19,0.8836283760387812,202.831249674,"{'activation': 'tanh', 'alpha': 0.0023115084414665073, 'hidden_layer_sizes': (8,), 'learning_rate': 'adaptive', 'max_iter': 131, 'solver': 'lbfgs'}"
Backblaze,nn,20,0.9447793652050469,203.33340854100243,"{'activation': 'tanh', 'alpha': 0.0006846240453295604, 'hidden_layer_sizes': (8, 8), 'learning_rate': 'adaptive', 'max_iter': 85, 'solver': 'lbfgs'}"
Backblaze,nn,21,0.9044332309019047,255.30552825799896,"{'activation': 'logistic', 'alpha': 0.00011144117915905241, 'hidden_layer_sizes': (32,), 'learning_rate': 'invscaling', 'max_iter': 192, 'solver': 'lbfgs'}"
Backblaze,nn,22,0.9524359628421157,243.53696283200043,"{'activation': 'tanh', 'alpha': 0.0011222652952317049, 'hidden_layer_sizes': (16, 16), 'learning_rate': 'constant', 'max_iter': 23, 'solver': 'lbfgs'}"
Backblaze,nn,23,0.9214798649349318,281.02411469399885,"{'activation': 'tanh', 'alpha': 0.007129222622395763, 'hidden_layer_sizes': (8, 8), 'learning_rate': 'adaptive', 'max_iter': 77, 'solver': 'lbfgs'}"
Backblaze,nn,24,0.9373716501656032,268.44030288400245,"{'activation': 'tanh', 'alpha': 0.002729040036791743, 'hidden_layer_sizes': (16,), 'learning_rate': 'invscaling', 'max_iter': 126, 'solver': 'adam'}"
Backblaze,nn,25,0.9525853724629592,188.9953219129966,"{'activation': 'tanh', 'alpha': 0.000773432448369793, 'hidden_layer_sizes': (8,), 'learning_rate': 'invscaling', 'max_iter': 117, 'solver': 'lbfgs'}"
Backblaze,nn,26,0.9021444310515537,363.7548981489999,"{'activation': 'logistic', 'alpha': 0.0002517836009697435, 'hidden_layer_sizes': (16, 16), 'learning_rate': 'adaptive', 'max_iter': 127, 'solver': 'lbfgs'}"
Backblaze,nn,27,0.874059103748096,370.2236291599984,"{'activation': 'logistic', 'alpha': 0.0004019643764869911, 'hidden_layer_sizes': (16,), 'learning_rate': 'adaptive', 'max_iter': 102, 'solver': 'sgd'}"
Backblaze,nn,28,0.8941533857355645,379.85420973299915,"{'activation': 'tanh', 'alpha': 0.0002456364983337935, 'hidden_layer_sizes': (32,), 'learning_rate': 'constant', 'max_iter': 63, 'solver': 'lbfgs'}"
Backblaze,nn,29,0.920766282198787,631.9213791809998,"{'activation': 'tanh', 'alpha': 0.00936697732073035, 'hidden_layer_sizes': (8,), 'learning_rate': 'invscaling', 'max_iter': 64, 'solver': 'lbfgs'}"
Backblaze,nn,30,0.9080490905820027,578.0549081300014,"{'activation': 'logistic', 'alpha': 0.009071074575632429, 'hidden_layer_sizes': (16,), 'learning_rate': 'invscaling', 'max_iter': 41, 'solver': 'lbfgs'}"
Backblaze,nn,31,0.8887410178735842,620.3718523290008,"{'activation': 'tanh', 'alpha': 0.00041261000766038675, 'hidden_layer_sizes': (8, 8), 'learning_rate': 'constant', 'max_iter': 67, 'solver': 'adam'}"
Backblaze,nn,32,0.9041537127591432,665.4563967859976,"{'activation': 'logistic', 'alpha': 0.008574716934551481, 'hidden_layer_sizes': (8,), 'learning_rate': 'constant', 'max_iter': 158, 'solver': 'lbfgs'}"
Backblaze,nn,33,0.8907725,791.8700055910012,"{'activation': 'logistic', 'alpha': 0.0065718341325122515, 'hidden_layer_sizes': (8, 8), 'learning_rate': 'invscaling', 'max_iter': 88, 'solver': 'lbfgs'}"
Backblaze,nn,34,0.9363763030464127,1098.7156907850003,"{'activation': 'logistic', 'alpha': 0.00011059921941737894, 'hidden_layer_sizes': (16,), 'learning_rate': 'adaptive', 'max_iter': 93, 'solver': 'lbfgs'}"
Backblaze,nn,35,0.9028803321664155,1008.3903747189979,"{'activation': 'tanh', 'alpha': 0.0028594532869218627, 'hidden_layer_sizes': (16,), 'learning_rate': 'invscaling', 'max_iter': 192, 'solver': 'adam'}"
Backblaze,nn,36,0.9385460559194088,653.5461099730019,"{'activation': 'logistic', 'alpha': 0.005837365433166422, 'hidden_layer_sizes': (16, 16), 'learning_rate': 'adaptive', 'max_iter': 173, 'solver': 'lbfgs'}"
Google,lr,1,0.7790439106774254,11.833374555000034,"{'C': 0.0005393274879940241, 'penalty': 'l2', 'solver': 'saga'}"
Google,lr,2,0.6125870736044241,10.218163635999986,"{'C': 0.03591809093411577, 'penalty': 'none', 'solver': 'lbfgs'}"
Google,lr,3,0.7459803395655149,17.377580884999986,"{'C': 8.298882194676895e-05, 'penalty': 'l2', 'solver': 'lbfgs'}"
Google,lr,4,0.7432602670697909,8.75747095700001,"{'C': 2.343809837801641e-05, 'penalty': 'l2', 'solver': 'sag'}"
Google,lr,5,0.7615832152416943,11.112360163000005,"{'C': 0.021168279331402935, 'penalty': 'l1', 'solver': 'liblinear'}"
Google,lr,6,0.7146592881944445,7.319148369000004,"{'C': 0.0017268851258525344, 'penalty': 'l2', 'solver': 'newton-cg'}"
Google,lr,7,0.6494957564638207,5.993267550000041,"{'C': 1.3212468796271759e-05, 'penalty': 'l2', 'solver': 'saga'}"
Google,lr,8,0.6847361917897765,71.26206601900003,"{'C': 0.030656156434099857, 'penalty': 'l1', 'solver': 'liblinear'}"
Google,lr,9,0.7122614732194725,12.064855942999998,"{'C': 0.00805313946305049, 'penalty': 'l1', 'solver': 'liblinear'}"
Google,lr,10,0.6921787947945932,26.432517769000015,"{'C': 11.094308961338077, 'penalty': 'l2', 'solver': 'lbfgs'}"
Google,lr,11,0.6986075040928896,36.32012996000003,"{'C': 0.009209412521836092, 'penalty': 'l1', 'solver': 'saga'}"
Google,lr,12,0.7096848965331899,10.291498888000035,"{'C': 0.00936075428290995, 'penalty': 'l1', 'solver': 'saga'}"
Google,lr,13,0.7352839335180056,7.049880699000028,"{'C': 2.65051559299757e-05, 'penalty': 'l2', 'solver': 'newton-cg'}"
Google,lr,14,0.6481207007289027,4.07050596900001,"{'C': 0.00043925054112603826, 'penalty': 'l2', 'solver': 'saga'}"
Google,lr,15,0.6409261371388285,11.150056206999977,"{'C': 2.277825935113111e-05, 'penalty': 'l2', 'solver': 'sag'}"
Google,lr,16,0.6667220389259862,16.701189096000007,"{'C': 0.0003090152185606056, 'penalty': 'l2', 'solver': 'newton-cg'}"
Google,lr,17,0.7072295301725432,18.058866278000096,"{'C': 0.0011278972983427033, 'penalty': 'l2', 'solver': 'saga'}"
Google,lr,18,0.753335696561503,10.983829280000009,"{'C': 0.0007419852334888357, 'penalty': 'l2', 'solver': 'saga'}"
Google,lr,19,0.749249864911617,30.306419131999974,"{'C': 1.1975743110583149e-05, 'penalty': 'none', 'solver': 'saga'}"
Google,lr,20,0.7555082508250826,9.800004760999968,"{'C': 0.012199814691786845, 'penalty': 'l1', 'solver': 'liblinear'}"
Google,lr,21,0.7533801009002408,6.151342884999963,"{'C': 0.01701371993798079, 'penalty': 'l1', 'solver': 'liblinear'}"
Google,lr,22,0.65047982103608,13.36322073000008,"{'C': 0.01438168251821839, 'penalty': 'l1', 'solver': 'saga'}"
Google,lr,23,0.6240977097273279,8.699068830999977,"{'C': 0.0373935278507639, 'penalty': 'l1', 'solver': 'liblinear'}"
Google,lr,24,0.6840724488776632,10.595598526000003,"{'C': 0.014571725296743535, 'penalty': 'l2', 'solver': 'sag'}"
Google,lr,25,0.6781760201045355,9.463682723000034,"{'C': 1.2557696293680803e-05, 'penalty': 'l2', 'solver': 'newton-cg'}"
Google,lr,26,0.7466039138104084,12.928669141,"{'C': 0.0033355638875373047, 'penalty': 'none', 'solver': 'lbfgs'}"
Google,lr,27,0.7019975994513032,10.910642439000071,"{'C': 7.089537119088736e-05, 'penalty': 'none', 'solver': 'lbfgs'}"
Google,lr,28,0.7327855483841156,7.138650210000037,"{'C': 0.025278695885736325, 'penalty': 'l1', 'solver': 'liblinear'}"
Google,cart,1,0.7985058172264965,1.9091145150000557,"{'splitter': 'best', 'min_samples_split': 4, 'min_samples_leaf': 4, 'max_features': 'sqrt', 'max_depth': 10, 'criterion': 'gini', 'class_weight': None}"
Google,cart,2,0.791861072270497,1.638445254999965,"{'splitter': 'best', 'min_samples_split': 2, 'min_samples_leaf': 4, 'max_features': 'sqrt', 'max_depth': None, 'criterion': 'entropy', 'class_weight': 'balanced'}"
Google,cart,3,0.8566856230980097,2.170268268999962,"{'splitter': 'best', 'min_samples_split': 4, 'min_samples_leaf': 4, 'max_features': 'sqrt', 'max_depth': 60, 'criterion': 'entropy', 'class_weight': None}"
Google,cart,4,0.7905265810027716,1.6208532949999608,"{'splitter': 'random', 'min_samples_split': 2, 'min_samples_leaf': 4, 'max_features': 'auto', 'max_depth': 80, 'criterion': 'gini', 'class_weight': None}"
Google,cart,5,0.8239909397470214,1.6887146230000099,"{'splitter': 'best', 'min_samples_split': 8, 'min_samples_leaf': 4, 'max_features': 'sqrt', 'max_depth': 80, 'criterion': 'entropy', 'class_weight': None}"
Google,cart,6,0.8577202690972223,1.3063252350000312,"{'splitter': 'random', 'min_samples_split': 8, 'min_samples_leaf': 2, 'max_features': 'auto', 'max_depth': 90, 'criterion': 'entropy', 'class_weight': 'balanced'}"
Google,cart,7,0.7746169831715679,0.9491518830000132,"{'splitter': 'random', 'min_samples_split': 4, 'min_samples_leaf': 1, 'max_features': 'auto', 'max_depth': 100, 'criterion': 'entropy', 'class_weight': None}"
Google,cart,8,0.7523417236228633,1.4308894719999898,"{'splitter': 'best', 'min_samples_split': 8, 'min_samples_leaf': 4, 'max_features': 'auto', 'max_depth': 110, 'criterion': 'gini', 'class_weight': 'balanced'}"
Google,cart,9,0.7488678401301267,1.7187402449999354,"{'splitter': 'best', 'min_samples_split': 4, 'min_samples_leaf': 4, 'max_features': 'sqrt', 'max_depth': 90, 'criterion': 'entropy', 'class_weight': 'balanced'}"
Google,cart,10,0.865638989291592,3.1074658500000396,"{'splitter': 'best', 'min_samples_split': 8, 'min_samples_leaf': 4, 'max_features': 'sqrt', 'max_depth': None, 'criterion': 'entropy', 'class_weight': None}"
Google,cart,11,0.8372316329150836,1.770661898999947,"{'splitter': 'best', 'min_samples_split': 8, 'min_samples_leaf': 4, 'max_features': 'sqrt', 'max_depth': 100, 'criterion': 'gini', 'class_weight': 'balanced'}"
Google,cart,12,0.7876914807847352,1.6055330190000632,"{'splitter': 'best', 'min_samples_split': 4, 'min_samples_leaf': 4, 'max_features': 'sqrt', 'max_depth': 80, 'criterion': 'gini', 'class_weight': 'balanced'}"
Google,cart,13,0.8152873961218836,1.1486473019999721,"{'splitter': 'best', 'min_samples_split': 2, 'min_samples_leaf': 4, 'max_features': 'auto', 'max_depth': 60, 'criterion': 'gini', 'class_weight': None}"
Google,cart,14,0.7571864703001158,0.9075173460000769,"{'splitter': 'best', 'min_samples_split': 2, 'min_samples_leaf': 4, 'max_features': 'sqrt', 'max_depth': 20, 'criterion': 'entropy', 'class_weight': 'balanced'}"
Google,cart,15,0.773501256259383,1.8473964030000616,"{'splitter': 'best', 'min_samples_split': 8, 'min_samples_leaf': 4, 'max_features': 'log2', 'max_depth': 60, 'criterion': 'gini', 'class_weight': None}"
Google,cart,16,0.8506075174825174,2.248188992999985,"{'splitter': 'best', 'min_samples_split': 8, 'min_samples_leaf': 4, 'max_features': 'auto', 'max_depth': 10, 'criterion': 'gini', 'class_weight': None}"
Google,cart,17,0.8482478747730238,2.488861363999945,"{'splitter': 'best', 'min_samples_split': 4, 'min_samples_leaf': 4, 'max_features': 'sqrt', 'max_depth': 100, 'criterion': 'gini', 'class_weight': None}"
Google,cart,18,0.8232302106495654,1.7360632790000636,"{'splitter': 'best', 'min_samples_split': 8, 'min_samples_leaf': 2, 'max_features': 'auto', 'max_depth': 70, 'criterion': 'gini', 'class_weight': 'balanced'}"
Google,cart,19,0.8958053319441861,4.554086628999926,"{'splitter': 'best', 'min_samples_split': 4, 'min_samples_leaf': 4, 'max_features': 'sqrt', 'max_depth': 110, 'criterion': 'entropy', 'class_weight': None}"
Google,cart,20,0.8695215492137449,1.3328554810000242,"{'splitter': 'best', 'min_samples_split': 2, 'min_samples_leaf': 4, 'max_features': 'log2', 'max_depth': 10, 'criterion': 'gini', 'class_weight': None}"
Google,cart,21,0.7849710069572188,1.1569251909999139,"{'splitter': 'best', 'min_samples_split': 4, 'min_samples_leaf': 4, 'max_features': 'auto', 'max_depth': 70, 'criterion': 'entropy', 'class_weight': 'balanced'}"
Google,cart,22,0.7797650779328553,1.6115768619999926,"{'splitter': 'random', 'min_samples_split': 8, 'min_samples_leaf': 2, 'max_features': 'auto', 'max_depth': 100, 'criterion': 'entropy', 'class_weight': None}"
Google,cart,23,0.7850002575506733,1.6452800189999834,"{'splitter': 'best', 'min_samples_split': 2, 'min_samples_leaf': 4, 'max_features': 'sqrt', 'max_depth': 110, 'criterion': 'gini', 'class_weight': None}"
Google,cart,24,0.7697023631148594,1.722147800000016,"{'splitter': 'best', 'min_samples_split': 4, 'min_samples_leaf': 4, 'max_features': 'log2', 'max_depth': 70, 'criterion': 'gini', 'class_weight': 'balanced'}"
Google,cart,25,0.7801255173211183,1.5351930699999912,"{'splitter': 'best', 'min_samples_split': 4, 'min_samples_leaf': 4, 'max_features': 'auto', 'max_depth': 50, 'criterion': 'gini', 'class_weight': None}"
Google,cart,26,0.8423659386782758,1.8338105569999925,"{'splitter': 'best', 'min_samples_split': 8, 'min_samples_leaf': 4, 'max_features': 'sqrt', 'max_depth': 10, 'criterion': 'gini', 'class_weight': 'balanced'}"
Google,cart,27,0.8735039437585733,1.3144952439999997,"{'splitter': 'random', 'min_samples_split': 2, 'min_samples_leaf': 2, 'max_features': 'log2', 'max_depth': None, 'criterion': 'gini', 'class_weight': 'balanced'}"
Google,cart,28,0.8152672668491028,1.0671146550000685,"{'splitter': 'random', 'min_samples_split': 2, 'min_samples_leaf': 2, 'max_features': 'sqrt', 'max_depth': 80, 'criterion': 'gini', 'class_weight': None}"
Google,rf,1,0.9219318821542503,86.16556239299996,"{'bootstrap': False, 'class_weight': 'balanced', 'criterion': 'gini', 'max_depth': 110, 'max_features': 'log2', 'min_samples_leaf': 2, 'min_samples_split': 2, 'n_estimators': 78}"
Google,rf,2,0.9208694938456884,75.29384900500008,"{'bootstrap': False, 'class_weight': 'balanced', 'criterion': 'gini', 'max_depth': 110, 'max_features': 'sqrt', 'min_samples_leaf': 4, 'min_samples_split': 2, 'n_estimators': 85}"
Google,rf,3,0.9624784784880636,102.71458252999992,"{'bootstrap': False, 'class_weight': 'balanced', 'criterion': 'gini', 'max_depth': 110, 'max_features': 'log2', 'min_samples_leaf': 2, 'min_samples_split': 8, 'n_estimators': 49}"
Google,rf,4,0.9083270345175107,82.13816322100013,"{'bootstrap': True, 'class_weight': 'balanced', 'criterion': 'entropy', 'max_depth': 110, 'max_features': 'log2', 'min_samples_leaf': 1, 'min_samples_split': 2, 'n_estimators': 73}"
Google,rf,5,0.9468997664409804,75.39947830699998,"{'bootstrap': False, 'class_weight': 'balanced', 'criterion': 'gini', 'max_depth': 30, 'max_features': 'sqrt', 'min_samples_leaf': 1, 'min_samples_split': 2, 'n_estimators': 89}"
Google,rf,6,0.9481662326388889,62.42072966800015,"{'bootstrap': False, 'class_weight': None, 'criterion': 'gini', 'max_depth': None, 'max_features': 'auto', 'min_samples_leaf': 1, 'min_samples_split': 2, 'n_estimators': 83}"
Google,rf,7,0.8970953359133936,36.66787812199982,"{'bootstrap': False, 'class_weight': None, 'criterion': 'entropy', 'max_depth': 10, 'max_features': 'sqrt', 'min_samples_leaf': 1, 'min_samples_split': 2, 'n_estimators': 49}"
Google,rf,8,0.9072787478481981,60.75049293500001,"{'bootstrap': False, 'class_weight': 'balanced', 'criterion': 'gini', 'max_depth': 10, 'max_features': 'sqrt', 'min_samples_leaf': 1, 'min_samples_split': 4, 'n_estimators': 85}"
Google,rf,9,0.9179406297199955,79.17305060900003,"{'bootstrap': True, 'class_weight': 'balanced', 'criterion': 'entropy', 'max_depth': 110, 'max_features': 'log2', 'min_samples_leaf': 1, 'min_samples_split': 4, 'n_estimators': 95}"
Google,rf,10,0.9628464478672616,168.21177372400007,"{'bootstrap': False, 'class_weight': 'balanced', 'criterion': 'gini', 'max_depth': 30, 'max_features': 'sqrt', 'min_samples_leaf': 2, 'min_samples_split': 8, 'n_estimators': 70}"
Google,rf,11,0.9542049788163052,87.60270005200005,"{'bootstrap': True, 'class_weight': 'balanced', 'criterion': 'entropy', 'max_depth': 50, 'max_features': 'log2', 'min_samples_leaf': 1, 'min_samples_split': 4, 'n_estimators': 45}"
Google,rf,12,0.9282249395323838,70.61228842199989,"{'bootstrap': False, 'class_weight': 'balanced', 'criterion': 'gini', 'max_depth': 70, 'max_features': 'auto', 'min_samples_leaf': 1, 'min_samples_split': 4, 'n_estimators': 92}"
Google,rf,13,0.9352233379501385,47.521191674999955,"{'bootstrap': False, 'class_weight': None, 'criterion': 'gini', 'max_depth': 50, 'max_features': 'log2', 'min_samples_leaf': 1, 'min_samples_split': 4, 'n_estimators': 83}"
Google,rf,14,0.8975494576407947,32.85763159499993,"{'bootstrap': True, 'class_weight': 'balanced', 'criterion': 'entropy', 'max_depth': 110, 'max_features': 'sqrt', 'min_samples_leaf': 1, 'min_samples_split': 2, 'n_estimators': 91}"
Google,rf,15,0.8956837508424793,87.88840524600005,"{'bootstrap': True, 'class_weight': None, 'criterion': 'gini', 'max_depth': 110, 'max_features': 'sqrt', 'min_samples_leaf': 1, 'min_samples_split': 4, 'n_estimators': 77}"
Google,rf,16,0.9429016159279316,98.24702960500008,"{'bootstrap': False, 'class_weight': None, 'criterion': 'gini', 'max_depth': 110, 'max_features': 'log2', 'min_samples_leaf': 2, 'min_samples_split': 8, 'n_estimators': 44}"
Google,rf,17,0.9559756959767282,130.11571816000014,"{'bootstrap': False, 'class_weight': None, 'criterion': 'entropy', 'max_depth': 30, 'max_features': 'log2', 'min_samples_leaf': 2, 'min_samples_split': 4, 'n_estimators': 72}"
Google,rf,18,0.9504949351723546,81.13453009199975,"{'bootstrap': False, 'class_weight': None, 'criterion': 'entropy', 'max_depth': 10, 'max_features': 'sqrt', 'min_samples_leaf': 4, 'min_samples_split': 4, 'n_estimators': 31}"
Google,rf,19,0.9688018667612817,174.06319476099998,"{'bootstrap': True, 'class_weight': None, 'criterion': 'entropy', 'max_depth': 70, 'max_features': 'auto', 'min_samples_leaf': 2, 'min_samples_split': 4, 'n_estimators': 81}"
Google,rf,20,0.9507638322655795,58.16171336400021,"{'bootstrap': False, 'class_weight': 'balanced', 'criterion': 'gini', 'max_depth': 70, 'max_features': 'auto', 'min_samples_leaf': 4, 'min_samples_split': 4, 'n_estimators': 69}"
Google,rf,21,0.925505856891967,47.63564663099987,"{'bootstrap': False, 'class_weight': None, 'criterion': 'entropy', 'max_depth': None, 'max_features': 'sqrt', 'min_samples_leaf': 2, 'min_samples_split': 2, 'n_estimators': 78}"
Google,rf,22,0.9038249666168778,71.88920723299998,"{'bootstrap': False, 'class_weight': None, 'criterion': 'entropy', 'max_depth': 10, 'max_features': 'sqrt', 'min_samples_leaf': 1, 'min_samples_split': 2, 'n_estimators': 91}"
Google,rf,23,0.9256015214730193,71.64492126699997,"{'bootstrap': False, 'class_weight': None, 'criterion': 'entropy', 'max_depth': 50, 'max_features': 'sqrt', 'min_samples_leaf': 2, 'min_samples_split': 2, 'n_estimators': 93}"
Google,rf,24,0.9230663413102731,84.54970275400001,"{'bootstrap': True, 'class_weight': 'balanced', 'criterion': 'entropy', 'max_depth': 70, 'max_features': 'sqrt', 'min_samples_leaf': 2, 'min_samples_split': 4, 'n_estimators': 55}"
Google,rf,25,0.9344556268554698,80.67142157499984,"{'bootstrap': False, 'class_weight': None, 'criterion': 'gini', 'max_depth': 70, 'max_features': 'auto', 'min_samples_leaf': 2, 'min_samples_split': 4, 'n_estimators': 91}"
Google,rf,26,0.9582318287452828,96.91724253400025,"{'bootstrap': True, 'class_weight': 'balanced', 'criterion': 'gini', 'max_depth': None, 'max_features': 'log2', 'min_samples_leaf': 2, 'min_samples_split': 2, 'n_estimators': 87}"
Google,rf,27,0.9659722222222222,57.56827738999982,"{'bootstrap': True, 'class_weight': 'balanced', 'criterion': 'entropy', 'max_depth': 90, 'max_features': 'sqrt', 'min_samples_leaf': 1, 'min_samples_split': 2, 'n_estimators': 83}"
Google,rf,28,0.9383360198397157,43.93700550400035,"{'bootstrap': False, 'class_weight': None, 'criterion': 'entropy', 'max_depth': None, 'max_features': 'sqrt', 'min_samples_leaf': 4, 'min_samples_split': 8, 'n_estimators': 60}"
Google,gbdt,1,0.9113740851942203,53.51697512199962,"{'booster': 'gbtree', 'learning_rate': 0.3159236399052133, 'max_depth': 8, 'n_estimators': 59, 'subsample': 0.7850021152360454}"
Google,gbdt,2,0.9195672063661657,50.57043949400031,"{'booster': 'gbtree', 'learning_rate': 0.17052292167411476, 'max_depth': 8, 'n_estimators': 36, 'subsample': 0.9812820828784149}"
Google,gbdt,3,0.9449632274776282,74.91849492700021,"{'booster': 'dart', 'learning_rate': 0.15707776965093612, 'max_depth': 6, 'n_estimators': 29, 'subsample': 0.8111835134312606}"
Google,gbdt,4,0.8921107331821617,60.551391258999956,"{'booster': 'gbtree', 'learning_rate': 0.08169259318301979, 'max_depth': 8, 'n_estimators': 40, 'subsample': 0.6315628666552617}"
Google,gbdt,5,0.9463935797512203,50.78274912500001,"{'booster': 'gbtree', 'learning_rate': 0.25280693088504214, 'max_depth': 9, 'n_estimators': 45, 'subsample': 0.9477166557374515}"
Google,gbdt,6,0.9263617621527778,38.18356742800006,"{'booster': 'dart', 'learning_rate': 0.1039970279575758, 'max_depth': 7, 'n_estimators': 59, 'subsample': 0.5681160066642827}"
Google,gbdt,7,0.8514769783236451,15.755364355999973,"{'booster': 'gbtree', 'learning_rate': 0.47394595279534013, 'max_depth': 8, 'n_estimators': 19, 'subsample': 0.6847566345731824}"
Google,gbdt,8,0.8700897637312655,41.8493426,"{'booster': 'dart', 'learning_rate': 0.10674195919440287, 'max_depth': 7, 'n_estimators': 76, 'subsample': 0.5673535083605286}"
Google,gbdt,9,0.8899902405019171,69.42472476900002,"{'booster': 'dart', 'learning_rate': 0.17069536474024405, 'max_depth': 4, 'n_estimators': 60, 'subsample': 0.9890179844582117}"
Google,gbdt,10,0.9585398179678543,150.1876180690001,"{'booster': 'gbtree', 'learning_rate': 0.076764353422888, 'max_depth': 9, 'n_estimators': 73, 'subsample': 0.7119886756305123}"
Google,gbdt,11,0.9353192623491271,65.2698002699999,"{'booster': 'gbtree', 'learning_rate': 0.07217782407785876, 'max_depth': 9, 'n_estimators': 45, 'subsample': 0.953337059893413}"
Google,gbdt,12,0.9089122547702231,47.81821426700026,"{'booster': 'gbtree', 'learning_rate': 0.32747138862540237, 'max_depth': 8, 'n_estimators': 49, 'subsample': 0.6553444631821594}"
Google,gbdt,13,0.9207669667590027,28.608156358999622,"{'booster': 'dart', 'learning_rate': 0.12774882269058596, 'max_depth': 6, 'n_estimators': 54, 'subsample': 0.7855450443012374}"
Google,gbdt,14,0.8550997468000874,17.140041675999782,"{'booster': 'gbtree', 'learning_rate': 0.8050390784515452, 'max_depth': 4, 'n_estimators': 13, 'subsample': 0.9974846129993681}"
Google,gbdt,15,0.9023632692065153,52.7294776169997,"{'booster': 'dart', 'learning_rate': 0.3399568860463642, 'max_depth': 8, 'n_estimators': 13, 'subsample': 0.9130217274683479}"
Google,gbdt,16,0.9245379401300454,71.35977717599962,"{'booster': 'dart', 'learning_rate': 0.1584207560303168, 'max_depth': 9, 'n_estimators': 68, 'subsample': 0.5758398399872146}"
Google,gbdt,17,0.9431159389821788,121.39421796299985,"{'booster': 'gbtree', 'learning_rate': 0.07942311759447794, 'max_depth': 9, 'n_estimators': 76, 'subsample': 0.8767037161589487}"
Google,gbdt,18,0.9466897887059178,52.94181138900012,"{'booster': 'dart', 'learning_rate': 0.11626994080533691, 'max_depth': 9, 'n_estimators': 64, 'subsample': 0.7027503243450142}"
Google,gbdt,19,0.9679027695139708,165.0160663329998,"{'booster': 'gbtree', 'learning_rate': 0.08558120720499705, 'max_depth': 7, 'n_estimators': 68, 'subsample': 0.842917024964504}"
Google,gbdt,20,0.9345317414094351,39.871118865000426,"{'booster': 'gbtree', 'learning_rate': 0.16083530357843745, 'max_depth': 5, 'n_estimators': 63, 'subsample': 0.6743713990287614}"
Google,gbdt,21,0.9054608873283625,29.756504820000373,"{'booster': 'dart', 'learning_rate': 0.23851023778733782, 'max_depth': 7, 'n_estimators': 68, 'subsample': 0.516160532223968}"
Google,gbdt,22,0.9054684121294252,56.92314064400034,"{'booster': 'dart', 'learning_rate': 0.062081051404193725, 'max_depth': 7, 'n_estimators': 51, 'subsample': 0.7867941611970192}"
Google,gbdt,23,0.9240572303995949,45.6249499179994,"{'booster': 'dart', 'learning_rate': 0.12582260496103315, 'max_depth': 8, 'n_estimators': 71, 'subsample': 0.7295617757591157}"
Google,gbdt,24,0.9118255633089316,60.54385145800006,"{'booster': 'gbtree', 'learning_rate': 0.2593297461990284, 'max_depth': 8, 'n_estimators': 62, 'subsample': 0.9494136695309398}"
Google,gbdt,25,0.9343364347095691,54.36929888599934,"{'booster': 'dart', 'learning_rate': 0.12183663914337504, 'max_depth': 6, 'n_estimators': 96, 'subsample': 0.5701628568948651}"
Google,gbdt,26,0.9490760220016208,71.77698319400042,"{'booster': 'gbtree', 'learning_rate': 0.1748574262251562, 'max_depth': 7, 'n_estimators': 36, 'subsample': 0.7807628104962583}"
Google,gbdt,27,0.9345636145404663,39.88209090700002,"{'booster': 'gbtree', 'learning_rate': 0.2114895728855669, 'max_depth': 7, 'n_estimators': 81, 'subsample': 0.6715490286663868}"
Google,gbdt,28,0.9001465626497047,31.096620094999707,"{'booster': 'gbtree', 'learning_rate': 0.17220639219916256, 'max_depth': 6, 'n_estimators': 41, 'subsample': 0.6488518332581328}"
Google,nn,1,0.8193774629386377,195.76842724499966,"{'activation': 'relu', 'alpha': 0.00017689541843527934, 'hidden_layer_sizes': (8, 8), 'learning_rate': 'constant', 'max_iter': 160, 'solver': 'adam'}"
Google,nn,2,0.800666654263156,169.73057361199972,"{'activation': 'tanh', 'alpha': 0.00010215335128788096, 'hidden_layer_sizes': (16,), 'learning_rate': 'constant', 'max_iter': 72, 'solver': 'lbfgs'}"
Google,nn,3,0.8590012715189558,228.8470520969995,"{'activation': 'tanh', 'alpha': 0.0033721924654105664, 'hidden_layer_sizes': (8,), 'learning_rate': 'adaptive', 'max_iter': 142, 'solver': 'lbfgs'}"
Google,nn,4,0.8132338120433358,163.4193868809998,"{'activation': 'tanh', 'alpha': 0.0016053423153963825, 'hidden_layer_sizes': (16, 16), 'learning_rate': 'constant', 'max_iter': 191, 'solver': 'adam'}"
Google,nn,5,0.8509083871306354,174.1832921109999,"{'activation': 'tanh', 'alpha': 0.0004503589307136831, 'hidden_layer_sizes': (16, 16), 'learning_rate': 'constant', 'max_iter': 111, 'solver': 'lbfgs'}"
Google,nn,6,0.8137369791666668,132.70160110899997,"{'activation': 'logistic', 'alpha': 0.002024097478922222, 'hidden_layer_sizes': (8, 8), 'learning_rate': 'adaptive', 'max_iter': 179, 'solver': 'lbfgs'}"
Google,nn,7,0.7863434500500525,80.72588925000036,"{'activation': 'relu', 'alpha': 0.00045676328736831095, 'hidden_layer_sizes': (8, 8), 'learning_rate': 'adaptive', 'max_iter': 170, 'solver': 'lbfgs'}"
Google,nn,8,0.7781358506156614,145.23541124400072,"{'activation': 'logistic', 'alpha': 0.0005344531496755556, 'hidden_layer_sizes': (32,), 'learning_rate': 'invscaling', 'max_iter': 73, 'solver': 'lbfgs'}"
Google,nn,9,0.8001421517369584,201.76835687099992,"{'activation': 'tanh', 'alpha': 0.00101682915354515, 'hidden_layer_sizes': (16,), 'learning_rate': 'invscaling', 'max_iter': 37, 'solver': 'lbfgs'}"
Google,nn,10,0.8739698640497413,398.26943434700024,"{'activation': 'relu', 'alpha': 0.00013652622305475976, 'hidden_layer_sizes': (16, 16), 'learning_rate': 'constant', 'max_iter': 180, 'solver': 'adam'}"
Google,nn,11,0.8175606490389701,201.62741714599997,"{'activation': 'relu', 'alpha': 0.0006940709518778027, 'hidden_layer_sizes': (32,), 'learning_rate': 'invscaling', 'max_iter': 67, 'solver': 'lbfgs'}"
Google,nn,12,0.7819571351787153,188.61274753999987,"{'activation': 'logistic', 'alpha': 0.0006783736080733943, 'hidden_layer_sizes': (8,), 'learning_rate': 'constant', 'max_iter': 194, 'solver': 'lbfgs'}"
Google,nn,13,0.801038781163435,105.57355400199958,"{'activation': 'tanh', 'alpha': 0.005203613910051183, 'hidden_layer_sizes': (8, 8), 'learning_rate': 'adaptive', 'max_iter': 76, 'solver': 'lbfgs'}"
Google,nn,14,0.7568191769417392,71.03836385799968,"{'activation': 'tanh', 'alpha': 0.00024296908906903578, 'hidden_layer_sizes': (16, 16), 'learning_rate': 'invscaling', 'max_iter': 41, 'solver': 'lbfgs'}"
Google,nn,15,0.7261472169255152,220.92531286600024,"{'activation': 'relu', 'alpha': 0.0022287988529967563, 'hidden_layer_sizes': (32,), 'learning_rate': 'invscaling', 'max_iter': 176, 'solver': 'adam'}"
Google,nn,16,0.8343325315035841,272.6792139500003,"{'activation': 'tanh', 'alpha': 0.0009547354142239171, 'hidden_layer_sizes': (16, 16), 'learning_rate': 'constant', 'max_iter': 150, 'solver': 'adam'}"
Google,nn,17,0.8645468065715288,316.7044369519999,"{'activation': 'logistic', 'alpha': 0.005426598942163791, 'hidden_layer_sizes': (16, 16), 'learning_rate': 'invscaling', 'max_iter': 83, 'solver': 'lbfgs'}"
Google,nn,18,0.8699095528127787,207.4945378049997,"{'activation': 'tanh', 'alpha': 0.006552413211697947, 'hidden_layer_sizes': (8,), 'learning_rate': 'adaptive', 'max_iter': 111, 'solver': 'lbfgs'}"
Google,nn,19,0.9191847388426015,562.7285766279992,"{'activation': 'relu', 'alpha': 0.000431430543651328, 'hidden_layer_sizes': (16, 16), 'learning_rate': 'invscaling', 'max_iter': 161, 'solver': 'adam'}"
Google,nn,20,0.8469524364201126,136.49016562399993,"{'activation': 'tanh', 'alpha': 0.0012351479532955224, 'hidden_layer_sizes': (32,), 'learning_rate': 'constant', 'max_iter': 29, 'solver': 'lbfgs'}"
Google,nn,21,0.7916316183767051,92.03426643800049,"{'activation': 'tanh', 'alpha': 0.007538858128405086, 'hidden_layer_sizes': (8, 8), 'learning_rate': 'invscaling', 'max_iter': 57, 'solver': 'lbfgs'}"
Google,nn,22,0.7767903413666369,168.02385825700003,"{'activation': 'logistic', 'alpha': 0.006531201882621767, 'hidden_layer_sizes': (32,), 'learning_rate': 'constant', 'max_iter': 151, 'solver': 'lbfgs'}"
Google,nn,23,0.7887358369770624,165.08385504800026,"{'activation': 'logistic', 'alpha': 0.0001012586071099535, 'hidden_layer_sizes': (16, 16), 'learning_rate': 'adaptive', 'max_iter': 49, 'solver': 'lbfgs'}"
Google,nn,24,0.7788958574139875,169.7011095960006,"{'activation': 'logistic', 'alpha': 0.0001313471425435667, 'hidden_layer_sizes': (16, 16), 'learning_rate': 'constant', 'max_iter': 167, 'solver': 'lbfgs'}"
Google,nn,25,0.8178728282714929,169.0543523239994,"{'activation': 'logistic', 'alpha': 0.003039256994167795, 'hidden_layer_sizes': (8, 8), 'learning_rate': 'constant', 'max_iter': 81, 'solver': 'lbfgs'}"
Google,nn,26,0.8497852399398386,254.8851328210003,"{'activation': 'tanh', 'alpha': 0.0011022945497403045, 'hidden_layer_sizes': (8, 8), 'learning_rate': 'adaptive', 'max_iter': 89, 'solver': 'lbfgs'}"
Google,nn,27,0.8308727709190671,143.7603013750013,"{'activation': 'relu', 'alpha': 0.0011989989560349137, 'hidden_layer_sizes': (16,), 'learning_rate': 'invscaling', 'max_iter': 105, 'solver': 'lbfgs'}"
Google,nn,28,0.790383714600816,106.87570794299972,"{'activation': 'tanh', 'alpha': 0.00042242220130893636, 'hidden_layer_sizes': (16, 16), 'learning_rate': 'adaptive', 'max_iter': 30, 'solver': 'lbfgs'}"
